epoch,train_loss,eval_loss,eval_top1,eval_top5,lr
0,2.7634363955133514,1.8416457570201346,52.34303615715964,86.04620806683201,1e-05
1,1.5007283028311862,0.594713273550695,84.545098551103,96.94556846364705,0.0006330000000000001
2,1.2888006589146317,0.5257654243591731,86.62054562067615,97.28494974546403,0.0012560000000000002
3,1.1833797107038222,0.5148341163084535,86.95992690249315,97.38937475525388,0.0018790000000000002
4,1.1072835636957437,0.5244588051494583,87.06435191228299,97.11525910455553,0.0025020000000000003
5,1.0510930660048614,0.5300625909512262,87.41678632032372,96.89335595875212,0.003105763032179903
6,0.9823490776909682,0.5397140090637645,87.26014880563895,96.86724970630466,0.0030973238292635766
